Strategy,Trial,Distance,Unique Areas,Total Visits,Final Battery
Random Patrol,1,54,7,10,46
Random Patrol,2,66,6,10,34
Random Patrol,3,69,6,10,31
Random Patrol,4,58,7,10,42
Random Patrol,5,70,6,10,30
Random Patrol,6,51,7,10,49
Random Patrol,7,79,6,10,21
Random Patrol,8,58,7,10,42
Random Patrol,9,68,7,10,32
Random Patrol,10,50,8,10,50
Fixed Route,1,30,7,10,70
Fixed Route,2,30,7,10,70
Fixed Route,3,30,7,10,70
Fixed Route,4,30,7,10,70
Fixed Route,5,30,7,10,70
Fixed Route,6,30,7,10,70
Fixed Route,7,30,7,10,70
Fixed Route,8,30,7,10,70
Fixed Route,9,30,7,10,70
Fixed Route,10,30,7,10,70
Utility Based,1,80,2,10,20
Utility Based,2,80,2,10,20
Utility Based,3,80,2,10,20
Utility Based,4,80,2,10,20
Utility Based,5,80,2,10,20
Utility Based,6,80,2,10,20
Utility Based,7,80,2,10,20
Utility Based,8,80,2,10,20
Utility Based,9,80,2,10,20
Utility Based,10,80,2,10,20
